EH_ID,OD
LM_0352,0.716
LM_0354,0.291
LM_0356,0.267916666666666
LM_0358,0.083
LM_0361,0.2745
LM_0364,0.618
LM_0367,0.824583333333335
LM_0353,0.571333333333335
LM_0355,0.31775
LM_0357,0.192083333333333
LM_0359,0.312333333333333
LM_0363,0.204583333333333
LM_0365,1.08666666666667
