EH_ID,Eim_MC,delta
LM0352,TRUE,3.95306666666666
LM0353,TRUE,3.20803333333334
LM0354,FALSE,-7.57086666666667
LM0355,FALSE,-5.20748333333334
LM0356,TRUE,-7.3878
LM0357,TRUE,-4.1202
LM0358,TRUE,-5.42953333333333
LM0359,TRUE,-8.60266666666667
LM0361,TRUE,-4.80946666666667
LM0363,FALSE,-8.59073333333333
LM0364,TRUE,4.01653333333333
LM0365,TRUE,1.439
LM0367,TRUE,-7.04906666666666
