"","EH_ID","IFNy"
"1","LM_0352",566.870157402793
"2","LM_0353",459.582673472966
"3","LM_0354",256.089697167021
"4","LM_0355",275.954929080042
"5","LM_0356",238.721489574293
"6","LM_0357",179.401561539756
"7","LM_0358",79.8828764448402
"8","LM_0359",271.95186278651
"9","LM_0361",243.699389206344
"10","LM_0363",189.494373803639
"11","LM_0364",493.723185018014
"12","LM_0365",875.6170169286
"13","LM_0367",651.114694297031
