"","EH_ID","IFNy"
"1","LM_0352",1248.00470705167
"2","LM_0353",928.838802845902
"3","LM_0354",467.355465966475
"4","LM_0355",506.626062670518
"5","LM_0356",433.821121722992
"6","LM_0357",324.458014412924
"7","LM_0358",157.775235178386
"8","LM_0359",498.631475918213
"9","LM_0361",443.358414835074
"10","LM_0363",342.528773791517
"11","LM_0364",1022.90284489125
"12","LM_0365",2964.06107057244
"13","LM_0367",1560.04372329171
