"","EH_ID","IFNy"
"1","LM_0352",1149.20811261947
"2","LM_0353",1195.26073492038
"3","LM_0354",NA
"4","LM_0355",2534.7836546413
"5","LM_0356",NA
"6","LM_0357",NA
"7","LM_0358",4338.58803284823
"8","LM_0359",138.632719301614
"9","LM_0361",NA
"10","LM_0363",NA
"11","LM_0364",908.141203370996
"12","LM_0365",1799.04624302489
"13","LM_0367",1498.1991479834
