EH_ID,OD
LM_0352,0.67525
LM_0354,1.743
LM_0356,1.62216666666667
LM_0358,1.19125
LM_0361,1.63108333333334
LM_0364,0.560583333333335
LM_0367,0.80525
LM_0353,0.694666666666665
LM_0355,1.03225
LM_0357,1.54841666666667
LM_0359,0.071916666666667
LM_0363,1.87208333333334
LM_0365,0.89075
