"","EH_ID","IFNy"
"1","LM_0352",536.176207632468
"2","LM_0353",550.746923994069
"3","LM_0354",1724.6254375087
"4","LM_0355",825.920504970049
"5","LM_0356",1516.52782888452
"6","LM_0357",1405.10783908261
"7","LM_0358",976.907992035273
"8","LM_0359",67.4228954674777
"9","LM_0361",1530.7263620328
"10","LM_0363",1993.57437850383
"11","LM_0364",451.765267932286
"12","LM_0365",704.590664037918
"13","LM_0367",635.818706315941
