EH_ID,OD,Conc
LM_0332,1984.66666666667,1
LM_0333,1978.5,1
LM_0334,407.166666666667,1
LM_0340,446.833333333333,1
