"","labels","IFNy"
"1","P3bTBI",224.33938439495
"2","P3bJRF",223.244833284625
"3","P3bRLW",47.4564142166688
"4","P3bFLD",50.9646675101204
