EH_ID,OD,label
LM_0332,1984.66666666667,P3bTBI
LM_0333,1978.5,P3bBTL
LM_0334,407.166666666667,P3bRLW
LM_0340,446.833333333333,P3bFLD
