"","label","IFNy","EH_ID"
"1","P3bBTL",223.244833284625,"LM_0333"
"2","P3bFLD",50.9646675101204,"LM_0340"
"3","P3bRLW",47.4564142166688,"LM_0334"
"4","P3bTBI",224.33938439495,"LM_0332"
